ibge_id;size
1100015;7067
1100023;4427
1100031;1314
1100049;3793
1100056;2783
1100064;1451
1100072;3060
1100080;4987
1100098;4518
1100106;24856
1100114;2944
1100122;6897
1100130;8509
1100148;1703
1100155;1970
1100189;6241
1100205;34091
1100254;1758
1100262;1718
1100288;1458
1100296;1198
1100304;11699
1100320;7460
1100338;10072
1100346;3029
1100379;3958
1100403;2652
1100452;3266
1100502;843
1100601;1962
1100700;3442
1100809;6844
1100908;893
1100924;5127
1100940;3864
1101005;5067
1101104;4082
1101203;798
1101302;1192
1101401;1931
1101435;807
1101450;2549
1101468;6015
1101476;606
1101484;542
1101492;10960
1101500;3774
1101559;460
1101609;2197
1101708;832
1101757;3135
1101807;966
1200013;1808
1200054;4974
1200104;3917
1200138;3035
1200179;1702
1200203;8779
1200252;1655
1200302;27975
1200328;5357
1200336;5453
1200344;10633
1200351;8192
1200385;1944
1200393;6444
1200401;8835
1200427;3077
1200435;6146
1200450;2322
1200500;23753
1200609;20171
1200708;5347
1200807;2605
1300029;5923
1300060;4754
1300086;2446
1300102;6036
1300144;54241
1300201;76435
1300300;7653
1300409;122461
1300508;5752
1300607;8695
1300631;17473
1300680;2589
1300706;21939
1300805;44236
1300839;9456
1300904;33643
1301001;25779
1301100;6096
1301159;2627
1301209;57971
1301308;18701
1301407;14966
1301506;7506
1301605;12155
1301654;7584
1301704;33111
1301803;12110
1301852;2217
1301902;8892
1301951;25260
1302009;4335
1302108;55827
1302207;19443
1302306;69457
1302405;68263
1302504;7337
1302553;3973
1302603;11401
1302702;48315
1302801;16831
1302900;39991
1303007;14107
1303106;5578
1303205;37777
1303304;41180
1303403;5956
1303502;41625
1303536;25459
1303569;5816
1303601;62800
1303700;12366
1303809;109181
1303908;19659
1303957;10647
1304005;3723
1304062;3266
1304104;84946
1304203;23692
1304237;6447
1304260;10275
1304302;27902
1304401;2886
1400027;28473
1400050;25454
1400100;5687
1400159;8080
1400175;7665
1400209;47380
1400233;12066
1400282;14012
1400308;12338
1400407;6960
1400456;8025
1400472;33580
1400506;4285
1400605;1527
1400704;8114
1500107;1611
1500131;614
1500206;4344
1500305;8338
1500347;7114
1500404;23645
1500503;72955
1500602;159533
1500701;6914
1500800;191
1500859;11895
1500909;1100
1500958;1812
1501006;17074
1501105;4397
1501204;3760
1501253;2957
1501303;1310
1501402;1059
1501451;4398
1501501;188
1501576;2817
1501600;587
1501709;2125
1501725;6363
1501758;1288
1501782;3942
1501808;9567
1501907;995
1501956;2420
1502004;3100
1502103;3081
1502152;3147
1502202;621
1502301;2901
1502400;1029
1502509;12535
1502608;384
1502707;5829
1502756;701
1502764;17085
1502772;2369
1502806;3617
1502855;1431
1502905;676
1502939;5269
1502954;2957
1503002;11772
1503044;3444
1503077;1608
1503093;7024
1503101;8570
1503200;786
1503309;1997
1503408;473
1503457;5216
1503507;1385
1503606;62042
1503705;7880
1503754;53305
1503804;2008
1503903;8305
1504000;1490
1504059;469
1504109;324
1504208;15128
1504307;808
1504406;805
1504422;103
1504455;8273
1504505;6774
1504604;871
1504703;9094
1504752;4988
1504802;18153
1504901;3763
1504950;2808
1504976;1564
1505007;490
1505031;38162
1505064;15399
1505106;28011
1505205;3852
1505304;107614
1505403;562
1505437;14411
1505486;11832
1505494;984
1505502;19343
1505536;6886
1505551;1671
1505601;450
1505635;3313
1505650;7173
1505700;3364
1505809;25385
1505908;17423
1506005;14787
1506104;259
1506112;303
1506138;3824
1506161;4115
1506187;8246
1506195;7021
1506203;226
1506302;919
1506351;278
1506401;1077
1506500;718
1506559;1347
1506583;10330
1506609;458
1506708;11591
1506807;17898
1506906;230
1507003;538
1507102;464
1507151;1392
1507201;1687
1507300;84213
1507409;479
1507458;3168
1507466;196
1507474;668
1507508;1280
1507607;1095
1507706;1632
1507755;1298
1507805;14420
1507904;2857
1507953;4430
1507961;205
1507979;1896
1508001;5145
1508035;868
1508050;11991
1508084;2513
1508100;2084
1508126;5088
1508159;10791
1508209;402
1508308;4973
1508357;3090
1508407;3779
1600055;7713
1600105;8455
1600154;9622
1600204;14117
1600212;2179
1600238;4974
1600253;1623
1600279;30783
1600303;6564
1600402;13295
1600501;23034
1600535;4428
1600550;4949
1600600;1541
1600709;6685
1600808;2509
1700251;1896
1700301;237
1700350;1572
1700400;4019
1700707;1212
1701002;1577
1701051;449
1701101;1155
1701309;1165
1701903;2778
1702000;5176
1702109;4005
1702158;836
1702208;2622
1702307;1556
1702406;5805
1702554;396
1702703;696
1702901;150
1703008;1794
1703057;1538
1703073;1106
1703107;698
1703206;924
1703305;1329
1703602;644
1703701;1724
1703800;253
1703826;352
1703842;3239
1703867;1126
1703883;339
1703891;190
1703909;1692
1704105;1953
1704600;659
1705102;1641
1705508;842
1705557;209
1705607;2529
1706001;1586
1706100;1851
1706258;987
1706506;1639
1707009;3317
1707108;2355
1707207;3753
1707306;3414
1707405;506
1707553;382
1707652;1935
1707702;1991
1708205;13432
1708254;624
1708304;1801
1709005;6419
1709302;2271
1709500;1844
1709807;815
1710508;3047
1710706;740
1710904;1245
1711100;973
1711506;2175
1711803;481
1711902;10553
1711951;911
1712009;325
1712157;469
1712405;5723
1712454;279
1712504;2091
1712702;9658
1712801;735
1713205;2664
1713304;1028
1713601;3610
1713700;1074
1713809;743
1713957;1194
1714203;3242
1714302;396
1714880;1568
1715002;517
1715101;2672
1715150;200
1715259;1214
1715507;209
1715705;2639
1715754;1705
1716109;1294
1716208;11220
1716307;1380
1716505;2020
1716604;5303
1716653;1209
1716703;984
1717008;1561
1717206;1368
1717503;10014
1717800;1719
1717909;6481
1718006;502
1718204;4443
1718303;301
1718402;770
1718451;402
1718501;2216
1718550;517
1718659;840
1718709;847
1718758;6354
1718808;222
1718840;3536
1718865;1671
1718881;1410
1718899;3275
1718907;1802
1719004;542
1720002;274
1720101;1106
1720150;1909
1720200;407
1720259;1425
1720309;290
1720499;2521
1720655;1253
1720804;303
1720853;1018
1720903;2342
1720937;1107
1720978;2155
1721000;2227
1721109;2605
1721208;1084
1721257;707
1721307;895
1722081;1363
1722107;1186
2100055;5808
2100105;371
2100154;443
2100204;1168
2100303;1942
2100402;524
2100436;383
2100477;1876
2100501;11132
2100550;502
2100600;7438
2100709;943
2100808;609
2100832;340
2100873;805
2100907;1786
2100956;2976
2101004;1100
2101103;159
2101202;1683
2101251;543
2101301;881
2101350;413
2101400;13142
2101509;2208
2101608;5191
2101707;3047
2101731;569
2101772;148
2101806;1782
2101905;790
2101939;247
2101970;404
2102002;6588
2102036;2677
2102077;445
2102101;1074
2102150;986
2102200;1474
2102309;1583
2102325;2545
2102358;818
2102374;865
2102408;545
2102507;662
2102556;615
2102606;1635
2102705;773
2102754;591
2102804;6442
2102903;1261
2103000;5197
2103109;281
2103125;319
2103158;1168
2103174;8401
2103208;3247
2103257;1464
2103307;4361
2103406;976
2103505;1981
2103554;733
2103604;2264
2103703;1257
2103752;336
2103802;358
2103901;318
2104008;452
2104057;2719
2104073;1473
2104081;5087
2104099;3691
2104107;1854
2104206;695
2104305;720
2104404;884
2104503;446
2104552;616
2104602;817
2104628;373
2104651;1144
2104677;1037
2104701;271
2104800;8864
2104909;480
2105005;1714
2105104;1125
2105153;369
2105203;346
2105302;1369
2105351;1239
2105401;1479
2105427;3582
2105450;591
2105476;1963
2105500;1135
2105609;703
2105658;565
2105708;1240
2105807;329
2105906;623
2105922;1513
2105948;221
2105963;744
2105989;1066
2106003;322
2106102;3597
2106201;472
2106300;433
2106326;636
2106359;1403
2106375;761
2106409;549
2106508;411
2106607;2107
2106631;795
2106672;634
2106706;8521
2106755;341
2106805;688
2106904;1246
2107001;1489
2107100;1713
2107209;542
2107258;743
2107308;977
2107357;2453
2107407;695
2107456;200
2107506;127
2107605;532
2107704;531
2107803;3240
2107902;1358
2108009;1635
2108058;980
2108108;1169
2108207;262
2108256;1754
2108306;801
2108405;399
2108454;825
2108504;268
2108603;1513
2108702;545
2108801;689
2108900;990
2109007;1417
2109056;249
2109106;772
2109205;356
2109239;438
2109270;726
2109304;331
2109403;1335
2109452;80
2109502;6373
2109551;733
2109601;648
2109700;2479
2109759;623
2109809;2191
2109908;787
2110005;4837
2110039;1010
2110104;1435
2110203;757
2110237;932
2110278;1585
2110302;771
2110401;931
2110500;458
2110609;1007
2110658;961
2110708;1152
2110807;2032
2110856;746
2110906;2280
2111003;650
2111029;910
2111052;2054
2111078;1438
2111102;1483
2111201;180
2111250;354
2111300;583
2111409;909
2111508;783
2111532;720
2111573;980
2111607;3522
2111631;419
2111672;227
2111706;393
2111722;442
2111748;426
2111763;739
2111789;1165
2111805;3115
2111904;1074
2111953;864
2112001;4383
2112100;1487
2112209;1765
2112233;292
2112274;271
2112308;3369
2112407;2592
2112456;1508
2112506;1566
2112605;1706
2112704;1959
2112803;1167
2112852;1189
2112902;717
2113009;1193
2114007;2140
2200053;1280
2200103;112
2200202;97
2200251;536
2200277;244
2200301;1738
2200400;958
2200459;2132
2200509;1155
2200608;223
2200707;338
2200806;646
2200905;821
2200954;316
2201002;683
2201051;1691
2201101;1218
2201150;7809
2201176;263
2201200;1723
2201309;2168
2201408;159
2201507;1589
2201556;499
2201572;244
2201606;935
2201705;1225
2201739;581
2201770;337
2201804;262
2201903;5469
2201919;523
2201929;289
2201945;270
2201960;880
2201988;2267
2202000;689
2202026;2437
2202059;609
2202075;514
2202083;271
2202091;467
2202109;784
2202117;658
2202133;312
2202174;478
2202208;1681
2202251;2163
2202307;4326
2202406;570
2202455;1134
2202505;1611
2202539;471
2202554;499
2202604;2379
2202653;491
2202703;1294
2202711;310
2202729;325
2202737;485
2202752;431
2202778;948
2202802;825
2202851;1915
2202901;3048
2203008;1203
2203107;1846
2203206;2345
2203230;3157
2203255;346
2203271;755
2203305;217
2203354;1017
2203404;219
2203420;849
2203453;3870
2203503;1384
2203602;1090
2203701;909
2203750;713
2203800;947
2203859;223
2203909;3410
2204006;269
2204105;656
2204154;177
2204204;492
2204303;778
2204352;441
2204402;3495
2204501;1024
2204550;3118
2204600;224
2204659;134
2204709;978
2204808;529
2204907;801
2205003;828
2205102;2554
2205151;1334
2205201;865
2205250;510
2205276;651
2205300;1867
2205359;1800
2205409;740
2205458;166
2205508;1538
2205516;935
2205524;1284
2205532;1272
2205540;68
2205557;395
2205565;1330
2205573;156
2205581;427
2205599;805
2205607;1089
2205706;1075
2205805;704
2205854;177
2205904;1619
2205953;140
2206001;677
2206050;530
2206100;226
2206209;1394
2206308;93
2206357;1309
2206407;568
2206506;401
2206605;2418
2206654;2210
2206670;328
2206696;481
2206704;1316
2206720;365
2206753;356
2206803;358
2206902;526
2206951;445
2207009;2702
2207108;183
2207207;279
2207306;401
2207355;987
2207405;2024
2207504;1499
2207553;433
2207603;3429
2207702;436
2207751;643
2207777;803
2207793;431
2207801;1941
2207850;1091
2207900;1545
2207934;870
2207959;910
2208007;577
2208106;4563
2208205;1947
2208304;2369
2208403;1409
2208502;253
2208551;1169
2208601;199
2208650;1285
2208700;2468
2208809;1251
2208858;2222
2208874;1012
2208908;3979
2209005;636
2209104;583
2209153;979
2209203;5285
2209302;1187
2209351;111
2209377;340
2209401;385
2209450;34
2209500;852
2209559;656
2209609;627
2209658;1072
2209708;1341
2209757;1385
2209807;150
2209856;481
2209872;817
2209906;997
2209955;395
2209971;213
2210003;1528
2210052;319
2210102;1287
2210201;373
2210300;291
2210359;673
2210375;218
2210383;446
2210391;813
2210409;4988
2210508;518
2210607;2416
2210623;894
2210631;3152
2210656;1031
2210706;1076
2210805;1360
2210904;762
2210938;206
2210953;1587
2210979;399
2211001;1391
2211100;1173
2211209;8412
2211308;1334
2211357;451
2211407;237
2211506;342
2211605;222
2211704;270
2300101;181
2300150;130
2300200;842
2300309;2254
2300408;2439
2300507;136
2300606;73
2300705;1346
2300754;1175
2300804;260
2300903;544
2301000;480
2301109;1227
2301208;644
2301257;342
2301307;1097
2301406;120
2301505;1068
2301604;1155
2301703;886
2301802;146
2301851;1081
2301901;608
2301950;260
2302008;711
2302057;386
2302107;314
2302206;1597
2302305;842
2302404;2835
2302503;655
2302602;1120
2302701;1083
2302800;3032
2302909;227
2303006;926
2303105;756
2303204;634
2303303;1036
2303402;363
2303501;838
2303600;488
2303659;784
2303709;1223
2303808;730
2303907;237
2303931;815
2303956;296
2304004;750
2304103;2981
2304202;1138
2304236;696
2304251;336
2304269;471
2304277;363
2304285;79
2304301;531
2304350;569
2304400;312
2304459;285
2304509;210
2304608;230
2304657;259
2304707;2663
2304806;112
2304905;156
2304954;256
2305001;625
2305100;91
2305209;927
2305233;161
2305266;879
2305308;414
2305332;424
2305357;421
2305407;1866
2305506;992
2305605;3222
2305654;705
2305704;277
2305803;626
2305902;1483
2306009;839
2306108;1466
2306207;214
2306256;154
2306306;432
2306405;1600
2306504;593
2306553;715
2306603;830
2306702;1827
2306801;623
2306900;1877
2307007;854
2307106;545
2307205;368
2307254;209
2307304;259
2307403;940
2307502;945
2307601;745
2307635;998
2307650;105
2307700;584
2307809;574
2307908;303
2308005;568
2308104;1079
2308203;152
2308302;579
2308351;502
2308377;709
2308401;613
2308500;2116
2308609;893
2308708;2764
2308807;414
2308906;412
2309003;192
2309102;98
2309201;283
2309300;737
2309409;947
2309458;763
2309508;578
2309607;250
2309706;133
2309805;112
2309904;88
2310001;437
2310100;129
2310209;305
2310258;289
2310308;2314
2310407;539
2310506;1302
2310605;151
2310704;1380
2310803;436
2310852;74
2310902;590
2310951;244
2311009;1311
2311108;225
2311207;343
2311231;409
2311264;1042
2311306;2021
2311355;605
2311405;3325
2311504;613
2311603;248
2311702;373
2311801;1611
2311900;1381
2311959;806
2312007;973
2312106;855
2312205;4262
2312304;351
2312403;843
2312502;279
2312601;123
2312700;957
2312809;425
2312908;2068
2313005;1536
2313104;849
2313203;2015
2313252;413
2313302;4011
2313351;759
2313401;910
2313500;929
2313559;201
2313609;424
2313708;263
2313757;316
2313807;99
2313906;698
2313955;179
2314003;830
2314102;1311
2400109;608
2400208;1303
2400307;576
2400406;51
2400505;381
2400604;128
2400703;191
2400802;742
2400901;245
2401008;1602
2401107;343
2401206;115
2401305;897
2401404;247
2401453;826
2401503;153
2401602;301
2401651;254
2401701;122
2401800;62
2401859;226
2401909;261
2402006;1229
2402105;214
2402204;245
2402303;1096
2402402;246
2402501;518
2402600;725
2402709;394
2402808;186
2402907;117
2403004;296
2403103;864
2403202;114
2403251;124
2403301;126
2403400;265
2403509;136
2403608;141
2403707;269
2403756;323
2403806;505
2403905;182
2404002;63
2404101;341
2404200;192
2404309;1130
2404408;125
2404507;258
2404606;312
2404705;374
2404804;127
2404853;204
2404903;133
2405009;55
2405108;443
2405207;305
2405306;171
2405405;189
2405504;254
2405603;331
2405702;368
2405801;715
2405900;88
2406007;118
2406106;934
2406155;45
2406205;106
2406304;118
2406403;112
2406502;176
2406601;79
2406700;677
2406809;130
2406908;31
2407005;167
2407104;510
2407203;775
2407252;32
2407302;346
2407401;169
2407500;132
2407609;135
2407708;82
2407807;211
2407906;72
2408003;2099
2408102;167
2408201;308
2408300;278
2408409;141
2408508;253
2408607;81
2408706;383
2408805;231
2408904;514
2408953;151
2409100;42
2409209;41
2409308;319
2409332;220
2409407;260
2409506;221
2409605;295
2409704;953
2409803;193
2409902;419
2410009;83
2410108;230
2410207;110
2410256;361
2410306;218
2410405;504
2410504;78
2410603;100
2410702;127
2410801;128
2410900;263
2411007;155
2411056;169
2411106;126
2411205;624
2411403;1425
2411429;188
2411502;301
2411601;289
2411700;191
2411809;404
2411908;76
2412005;250
2412104;277
2412203;290
2412302;341
2412401;175
2412500;166
2412559;431
2412609;240
2412708;195
2412807;469
2412906;863
2413003;198
2413102;152
2413201;26
2413300;97
2413359;620
2413409;562
2413508;193
2413557;122
2413607;158
2413706;213
2413805;124
2413904;353
2414001;339
2414100;224
2414159;69
2414209;103
2414308;135
2414407;754
2414456;269
2414506;214
2414605;873
2414704;73
2414753;72
2414803;84
2414902;38
2415008;48
2500106;242
2500205;352
2500304;322
2500403;128
2500502;111
2500536;310
2500577;223
2500601;184
2500700;476
2500734;122
2500775;291
2500809;232
2500908;91
2501005;247
2501104;269
2501153;114
2501203;36
2501302;376
2501351;132
2501401;103
2501500;256
2501534;50
2501575;375
2501609;781
2501708;610
2501807;28
2501906;100
2502003;602
2502052;57
2502102;169
2502151;469
2502201;47
2502300;186
2502409;227
2502508;373
2502607;197
2502706;26
2502805;401
2502904;94
2503001;151
2503100;469
2503209;30
2503308;193
2503407;213
2503506;165
2503555;124
2503605;124
2503704;563
2503753;283
2503803;56
2503902;542
2504009;592
2504033;80
2504074;487
2504108;59
2504157;203
2504207;527
2504306;552
2504355;118
2504405;581
2504504;265
2504603;171
2504702;325
2504801;372
2504850;174
2504900;193
2505006;164
2505105;734
2505204;42
2505238;108
2505279;86
2505303;218
2505352;186
2505402;182
2505501;60
2505600;272
2505709;174
2505808;27
2505907;248
2506004;158
2506103;185
2506202;239
2506251;192
2506301;162
2506400;340
2506509;345
2506608;240
2506707;318
2506806;262
2506905;211
2507002;460
2507101;146
2507200;252
2507309;257
2507408;177
2507507;210
2507606;76
2507705;475
2507804;180
2507903;79
2508000;395
2508109;177
2508208;84
2508307;108
2508406;107
2508505;267
2508554;43
2508604;94
2508703;229
2508802;172
2508901;337
2509008;352
2509057;123
2509107;155
2509156;70
2509206;209
2509305;182
2509339;37
2509370;85
2509396;83
2509404;214
2509503;32
2509602;117
2509701;993
2509800;187
2509909;202
2510006;193
2510105;48
2510204;82
2510303;315
2510402;580
2510501;315
2510600;128
2510659;208
2510709;123
2510808;473
2510907;577
2511004;117
2511103;336
2511202;407
2511301;577
2511400;668
2511509;103
2511608;66
2511707;41
2511806;81
2511905;136
2512002;624
2512036;98
2512077;95
2512101;894
2512200;202
2512309;369
2512408;71
2512507;403
2512606;147
2512705;183
2512721;74
2512747;85
2512754;40
2512762;40
2512788;94
2512804;263
2512903;465
2513000;179
2513109;204
2513158;218
2513208;218
2513307;211
2513356;328
2513406;441
2513505;405
2513604;361
2513653;72
2513703;719
2513802;359
2513851;198
2513901;246
2513927;200
2513943;234
2513968;170
2513984;91
2514008;613
2514107;813
2514206;334
2514305;183
2514404;727
2514453;101
2514503;687
2514552;158
2514602;154
2514651;254
2514701;214
2514800;377
2514909;533
2515005;92
2515104;46
2515203;464
2515302;314
2515401;263
2515500;698
2515609;32
2515708;64
2515807;55
2515906;65
2515930;32
2515971;62
2516003;233
2516102;578
2516151;147
2516201;728
2516300;833
2516409;245
2516508;628
2516607;240
2516706;155
2516755;87
2516805;224
2516904;293
2517001;186
2517100;191
2517209;147
2517407;107
2600054;126
2600104;378
2600203;1491
2600302;201
2600401;533
2600500;886
2600609;216
2600708;273
2600807;453
2600906;235
2601003;118
2601052;96
2601102;2037
2601201;323
2601300;121
2601409;233
2601508;75
2601607;1831
2601706;648
2601805;1244
2601904;493
2602001;1622
2602100;792
2602209;218
2602308;390
2602407;160
2602506;106
2602605;762
2602704;93
2602803;1321
2602902;445
2603009;1659
2603108;179
2603207;295
2603306;122
2603405;179
2603454;51
2603504;72
2603603;39
2603702;423
2603801;336
2603900;428
2603926;1005
2604007;148
2604106;921
2604155;116
2604205;207
2604304;149
2604403;49
2604502;85
2604601;90
2604700;318
2604809;101
2604908;292
2605004;95
2605103;1404
2605152;1539
2605202;342
2605301;1337
2605400;108
2605459;19
2605509;93
2605608;996
2605707;3644
2605806;213
2605905;256
2606002;459
2606101;232
2606200;446
2606309;522
2606408;504
2606507;635
2606606;1906
2606705;190
2606804;306
2606903;838
2607000;1168
2607109;244
2607208;522
2607307;694
2607406;430
2607505;1062
2607604;67
2607653;304
2607703;405
2607752;74
2607802;163
2607901;259
2607950;87
2608008;715
2608057;278
2608107;140
2608206;122
2608255;121
2608305;105
2608404;148
2608453;70
2608503;57
2608602;199
2608701;225
2608750;1850
2608800;189
2608909;274
2609006;108
2609105;60
2609154;345
2609204;200
2609303;822
2609402;196
2609501;131
2609600;41
2609709;139
2609808;555
2609907;2382
2610004;339
2610103;169
2610202;380
2610301;185
2610400;2610
2610509;327
2610608;275
2610707;97
2610806;921
2610905;981
2611002;1057
2611101;4562
2611200;204
2611309;240
2611408;113
2611507;231
2611533;211
2611606;219
2611705;314
2611804;290
2611903;227
2612000;190
2612109;87
2612208;1679
2612307;252
2612406;269
2612455;1246
2612471;115
2612505;335
2612554;1005
2612604;3001
2612703;92
2612802;200
2612901;160
2613008;719
2613107;382
2613206;258
2613305;232
2613404;69
2613503;1474
2613602;794
2613701;262
2613800;114
2613909;2980
2614006;1535
2614105;2422
2614204;374
2614303;404
2614402;138
2614501;253
2614600;388
2614709;228
2614808;1265
2614857;214
2615003;475
2615102;151
2615201;319
2615300;288
2615409;26
2615508;135
2615607;296
2615706;192
2615805;950
2615904;179
2616001;335
2616100;476
2616183;74
2616209;196
2616308;228
2616407;336
2616506;111
2700102;468
2700201;186
2700300;346
2700409;533
2700508;131
2700607;74
2700706;316
2700805;67
2700904;335
2701001;193
2701100;168
2701209;282
2701308;94
2701357;66
2701407;313
2701506;170
2701605;603
2701704;264
2701803;102
2701902;158
2702009;89
2702108;208
2702207;40
2702306;898
2702355;279
2702405;629
2702504;142
2702553;261
2702603;176
2702702;110
2702801;334
2702900;513
2703007;265
2703106;334
2703205;427
2703304;372
2703403;149
2703502;209
2703601;85
2703700;105
2703759;334
2703809;298
2703908;89
2704005;248
2704104;84
2704203;309
2704302;509
2704401;443
2704500;334
2704609;332
2704708;341
2704807;180
2704906;92
2705002;915
2705101;238
2705200;114
2705309;167
2705408;87
2705507;418
2705606;216
2705705;192
2705804;328
2705903;117
2706000;175
2706109;197
2706208;38
2706307;451
2706406;692
2706422;255
2706448;93
2706505;251
2706604;118
2706703;690
2706802;241
2706901;260
2707008;117
2707107;405
2707206;284
2707305;313
2707404;257
2707503;238
2707602;320
2707701;294
2707800;129
2707909;29
2708006;438
2708105;232
2708204;141
2708303;257
2708402;492
2708501;397
2708600;336
2708709;77
2708808;315
2708907;41
2708956;342
2709004;125
2709103;154
2709152;299
2709202;686
2709301;420
2709400;368
2800100;35
2800209;360
2800308;182
2800407;199
2800506;148
2800605;92
2800670;206
2800704;144
2801009;201
2801108;169
2801207;933
2801306;442
2801405;639
2801504;46
2801603;84
2801702;229
2801900;128
2802007;90
2802106;647
2802205;183
2802304;399
2802403;654
2802502;20
2802601;243
2802700;55
2802809;316
2802908;337
2803005;502
2803104;183
2803203;740
2803302;366
2803401;402
2803500;969
2803609;162
2803708;138
2803807;63
2803906;102
2804003;96
2804102;95
2804201;387
2804300;74
2804409;266
2804458;341
2804508;758
2804607;482
2804706;82
2804805;155
2804904;381
2805000;82
2805109;33
2805208;156
2805307;209
2805406;1219
2805505;441
2805604;877
2805703;94
2805802;531
2805901;78
2806008;259
2806107;103
2806206;248
2806305;325
2806404;45
2806503;68
2806602;237
2806701;438
2806800;102
2806909;84
2807006;145
2807105;560
2807204;168
2807303;49
2807402;1025
2807501;305
2807600;118
2900108;539
2900207;1605
2900306;181
2900355;629
2900405;743
2900504;735
2900603;168
2900702;708
2900801;1478
2900900;245
2901007;432
2901106;167
2901155;822
2901205;1900
2901304;1590
2901353;1362
2901403;1530
2901502;188
2901601;320
2901700;294
2901809;345
2901908;479
2901957;151
2902005;1490
2902054;475
2902104;1496
2902203;369
2902252;436
2902302;174
2902401;445
2902500;3321
2902609;968
2902658;410
2902708;11428
2902807;1657
2902906;766
2903003;1587
2903102;214
2903201;8051
2903235;415
2903276;207
2903300;202
2903409;1939
2903508;773
2903607;554
2903706;850
2903805;2972
2903904;4116
2903953;468
2904001;897
2904050;791
2904100;1426
2904209;628
2904308;519
2904407;2247
2904506;2370
2904605;2208
2904704;219
2904753;4047
2904803;512
2904852;222
2904902;395
2905008;611
2905107;541
2905156;767
2905206;2652
2905305;644
2905404;449
2905503;458
2905602;585
2905701;785
2905800;840
2905909;2915
2906006;7162
2906105;460
2906204;580
2906303;1334
2906402;448
2906501;252
2906600;434
2906709;1170
2906808;1352
2906824;3565
2906857;630
2906873;465
2906899;806
2906907;2378
2907004;293
2907103;2526
2907202;9647
2907301;714
2907400;703
2907509;427
2907558;716
2907608;567
2907707;3005
2907806;820
2907905;168
2908002;275
2908101;10141
2908200;165
2908309;285
2908408;1015
2908507;115
2908606;931
2908705;1348
2908804;977
2908903;378
2909000;524
2909109;2663
2909208;797
2909307;11504
2909406;4283
2909505;183
2909604;637
2909703;1053
2909802;139
2909901;5951
2910008;414
2910057;184
2910107;690
2910206;95
2910305;179
2910404;1890
2910503;1188
2910602;1299
2910701;2025
2910727;1426
2910750;364
2910776;1176
2910800;1304
2910859;580
2910909;172
2911006;321
2911105;15634
2911204;230
2911253;385
2911303;3818
2911402;1567
2911501;202
2911600;107
2911659;873
2911709;1272
2911808;2189
2911857;313
2911907;2342
2912004;483
2912103;231
2912202;817
2912301;1139
2912400;1382
2912509;954
2912608;698
2912707;473
2912806;771
2912905;318
2913002;1834
2913101;573
2913200;1740
2913309;138
2913408;837
2913457;591
2913507;860
2913606;1589
2913705;1082
2913804;373
2913903;280
2914000;3105
2914109;1056
2914208;459
2914307;1708
2914406;992
2914505;268
2914604;319
2914653;925
2914703;2386
2914802;401
2914901;726
2915007;1332
2915106;311
2915205;811
2915304;877
2915353;4310
2915403;1225
2915502;271
2915601;2361
2915700;143
2915809;1535
2915908;534
2916005;1394
2916104;121
2916203;453
2916302;1013
2916401;1651
2916500;1558
2916609;421
2916708;344
2916807;1674
2916856;548
2916906;322
2917003;1651
2917102;314
2917201;1199
2917300;415
2917334;1525
2917359;9955
2917409;1332
2917508;2193
2917607;925
2917706;2466
2917805;863
2917904;641
2918001;2969
2918100;4267
2918209;239
2918308;262
2918357;913
2918407;6721
2918456;1458
2918506;1355
2918555;329
2918605;590
2918704;498
2918753;912
2918803;450
2918902;624
2919009;847
2919058;383
2919108;189
2919157;643
2919207;58
2919306;1283
2919405;857
2919504;1953
2919553;4036
2919603;701
2919702;1210
2919801;2459
2919900;2546
2919926;32
2919959;615
2920007;588
2920106;907
2920205;1979
2920304;551
2920403;2202
2920452;3130
2920502;2413
2920601;438
2920700;849
2920809;1099
2920908;743
2921005;605
2921054;773
2921104;1312
2921203;1600
2921302;420
2921401;1752
2921450;1173
2921500;3034
2921609;2094
2921708;5745
2921807;528
2921906;2462
2922003;1788
2922052;647
2922102;1492
2922201;105
2922250;3852
2922300;86
2922409;276
2922508;279
2922607;389
2922656;465
2922706;805
2922730;347
2922755;203
2922805;475
2922854;565
2922904;967
2923001;1316
2923035;628
2923050;278
2923100;637
2923209;3313
2923308;157
2923357;1545
2923407;2560
2923506;737
2923605;1087
2923704;2625
2923803;442
2923902;626
2924009;1544
2924058;597
2924108;158
2924207;890
2924306;1826
2924405;11598
2924504;628
2924603;496
2924652;647
2924678;193
2924702;512
2924801;980
2924900;955
2925006;769
2925105;937
2925204;315
2925253;530
2925303;2286
2925402;1112
2925501;1692
2925600;232
2925709;1209
2925758;442
2925808;2011
2925907;1381
2925931;366
2925956;1091
2926004;4574
2926103;242
2926202;5978
2926301;1155
2926400;3184
2926509;644
2926608;1252
2926657;1364
2926707;1115
2926806;778
2926905;656
2927002;740
2927101;2207
2927200;1992
2927309;151
2927408;693
2927507;347
2927606;934
2927705;1463
2927804;284
2927903;379
2928000;1623
2928059;824
2928109;1985
2928208;1909
2928307;223
2928406;6030
2928505;719
2928604;495
2928703;262
2928802;360
2928901;15157
2928950;290
2929008;103
2929057;1752
2929107;222
2929206;270
2929255;1146
2929305;295
2929354;128
2929370;362
2929404;231
2929503;537
2929602;131
2929701;949
2929750;166
2929800;509
2929909;2402
2930006;1985
2930105;789
2930154;2341
2930204;11980
2930303;1592
2930402;595
2930501;583
2930600;322
2930709;201
2930758;1628
2930766;684
2930774;1356
2930808;1027
2930907;1437
2931004;1278
2931053;730
2931103;244
2931202;454
2931301;715
2931350;1166
2931400;245
2931509;352
2931608;290
2931707;193
2931806;2010
2931905;2198
2932002;3060
2932101;659
2932200;181
2932309;178
2932408;545
2932457;1776
2932507;1127
2932606;902
2932705;510
2932804;634
2932903;1124
2933000;395
2933059;468
2933109;206
2933158;1226
2933174;221
2933208;298
2933257;782
2933307;3254
2933406;522
2933455;2921
2933505;655
2933604;5080
3100104;881
3100203;1817
3100302;471
3100401;102
3100500;815
3100609;1320
3100708;492
3100807;232
3100906;820
3101003;1257
3101102;1349
3101201;650
3101300;161
3101409;58
3101508;510
3101607;850
3101631;131
3101706;2294
3101805;167
3101904;461
3102001;362
3102050;104
3102100;518
3102209;278
3102308;599
3102407;374
3102506;136
3102605;469
3102704;696
3102803;1005
3102852;185
3102902;530
3103009;787
3103108;84
3103207;188
3103306;107
3103405;2236
3103504;2730
3103603;89
3103702;304
3103751;296
3103801;174
3103900;246
3104007;1164
3104106;163
3104205;510
3104304;283
3104403;159
3104452;243
3104502;5279
3104601;159
3104700;1837
3104809;1255
3104908;751
3105004;556
3105103;1456
3105202;484
3105301;47
3105400;340
3105509;198
3105608;759
3105707;384
3105905;82
3106002;109
3106101;393
3106200;331
3106309;335
3106408;366
3106507;587
3106606;428
3106655;489
3106705;344
3106804;284
3106903;140
3107000;459
3107109;861
3107208;504
3107307;3207
3107406;1214
3107505;412
3107604;208
3107703;196
3107802;592
3107901;230
3108008;705
3108107;302
3108206;1850
3108255;3936
3108305;301
3108404;334
3108503;1569
3108552;2510
3108602;1399
3108701;223
3108800;378
3108909;368
3109006;639
3109105;356
3109204;1600
3109253;161
3109303;5225
3109402;7218
3109451;1031
3109501;368
3109600;61
3109709;304
3109808;201
3109907;156
3110004;543
3110103;106
3110202;83
3110301;711
3110400;223
3110509;529
3110608;245
3110707;246
3110806;442
3110905;336
3111002;578
3111101;3651
3111150;506
3111200;528
3111309;275
3111408;1264
3111507;711
3111606;770
3111705;175
3111804;845
3111903;213
3112000;721
3112059;142
3112109;131
3112208;111
3112307;965
3112406;298
3112505;95
3112604;621
3112653;279
3112703;972
3112802;522
3112901;188
3113008;1242
3113107;160
3113206;487
3113305;353
3113404;1258
3113503;1456
3113602;181
3113701;3203
3113800;259
3113909;506
3114006;357
3114105;322
3114204;456
3114303;1308
3114402;1066
3114501;400
3114550;2063
3114600;728
3114709;81
3114808;282
3114907;158
3115003;367
3115102;666
3115201;273
3115300;492
3115359;240
3115409;142
3115458;419
3115474;288
3115508;100
3115607;283
3115706;204
3115805;322
3115904;153
3116001;213
3116100;831
3116159;3255
3116209;253
3116308;153
3116407;228
3116506;720
3116605;631
3116704;107
3116803;348
3116902;1041
3117009;655
3117108;353
3117207;102
3117306;1340
3117405;254
3117504;1720
3117603;250
3117702;370
3117801;180
3117836;1610
3117876;42
3117900;205
3118007;304
3118106;406
3118205;618
3118304;370
3118403;1484
3118502;89
3118601;195
3118700;296
3118809;2225
3118908;824
3119005;180
3119104;2525
3119203;576
3119302;3313
3119401;221
3119500;815
3119609;132
3119708;141
3119807;657
3119906;124
3119955;101
3120003;205
3120102;486
3120151;966
3120201;628
3120300;841
3120409;133
3120508;311
3120607;167
3120706;187
3120805;522
3120839;227
3120870;571
3120904;3296
3121001;310
3121100;408
3121209;1378
3121258;103
3121308;213
3121407;377
3121506;142
3121605;3892
3121704;165
3121803;339
3121902;117
3122009;338
3122108;342
3122207;133
3122306;708
3122355;118
3122405;217
3122454;573
3122470;817
3122504;60
3122603;399
3122702;195
3122801;114
3122900;70
3123007;125
3123106;382
3123205;1111
3123304;231
3123403;153
3123502;313
3123528;217
3123601;500
3123700;187
3123809;608
3123858;85
3123908;457
3124005;357
3124104;910
3124203;318
3124302;1869
3124401;264
3124500;244
3124609;131
3124708;636
3124807;822
3124906;309
3125002;104
3125101;245
3125200;86
3125309;165
3125408;358
3125507;314
3125606;596
3125705;1555
3125804;152
3125903;1089
3125952;358
3126000;194
3126109;1502
3126208;3686
3126307;219
3126406;199
3126505;461
3126604;1576
3126703;2747
3126752;717
3126802;627
3126901;470
3126950;167
3127008;200
3127057;321
3127073;763
3127107;2427
3127206;200
3127305;720
3127339;1733
3127354;146
3127370;112
3127388;152
3127404;187
3127503;209
3127602;867
3127701;2342
3127800;3885
3127909;193
3128006;1075
3128105;934
3128204;349
3128253;390
3128303;295
3128402;264
3128501;89
3128600;2070
3128709;286
3128808;158
3128907;367
3129004;294
3129103;1849
3129202;154
3129301;341
3129400;346
3129509;2704
3129608;875
3129657;353
3129707;562
3129806;72
3129905;68
3130002;153
3130051;626
3130101;111
3130200;218
3130309;628
3130408;105
3130507;376
3130556;197
3130606;150
3130655;1004
3130705;830
3130804;306
3130903;858
3131000;245
3131109;527
3131158;113
3131208;457
3131307;165
3131406;466
3131505;298
3131604;356
3131703;1254
3131802;209
3131901;544
3132008;1788
3132107;1225
3132206;410
3132305;481
3132404;295
3132503;2736
3132602;95
3132701;1419
3132800;380
3132909;244
3133006;432
3133105;143
3133204;489
3133303;679
3133402;1802
3133501;1041
3133600;177
3133709;295
3133758;153
3133808;496
3133907;284
3134004;1650
3134103;453
3134202;2598
3134301;235
3134400;1405
3134509;372
3134608;1115
3134707;1394
3134806;409
3134905;348
3135001;164
3135050;2635
3135076;517
3135100;2181
3135209;6662
3135308;172
3135357;375
3135407;236
3135456;284
3135506;548
3135605;1268
3135704;445
3135803;3514
3135902;154
3136009;1664
3136108;233
3136207;99
3136306;10727
3136405;791
3136504;547
3136520;381
3136553;181
3136579;541
3136603;172
3136652;97
3136702;1436
3136801;432
3136900;220
3136959;1065
3137007;866
3137106;1475
3137205;440
3137304;601
3137403;477
3137502;841
3137536;1236
3137601;229
3137700;432
3137809;213
3137908;119
3138005;205
3138104;3204
3138203;565
3138302;352
3138351;280
3138401;943
3138500;401
3138609;849
3138625;1319
3138658;259
3138674;145
3138682;412
3138708;500
3138807;1172
3138906;332
3139003;586
3139102;493
3139201;728
3139250;284
3139300;1950
3139409;628
3139508;183
3139607;685
3139706;262
3139805;372
3139904;203
3140001;1194
3140100;159
3140159;35
3140209;77
3140308;546
3140407;108
3140506;1058
3140530;113
3140555;228
3140605;281
3140704;301
3140803;157
3140852;1941
3140902;267
3141009;472
3141108;252
3141207;261
3141306;946
3141405;1436
3141504;306
3141603;348
3141702;275
3141801;1812
3141900;220
3142007;723
3142106;302
3142205;321
3142254;602
3142304;155
3142403;203
3142502;651
3142601;217
3142700;1504
3142809;2596
3142908;1001
3143005;421
3143104;1343
3143153;386
3143203;595
3143302;3590
3143401;292
3143450;1130
3143500;2084
3143609;415
3143708;478
3143807;192
3143906;842
3144003;1251
3144102;410
3144201;233
3144300;1518
3144359;127
3144375;469
3144409;189
3144508;341
3144607;583
3144656;1108
3144672;147
3144706;362
3144805;429
3144904;376
3145000;1111
3145059;121
3145109;390
3145208;282
3145307;1703
3145356;755
3145372;272
3145406;178
3145455;2092
3145505;55
3145604;897
3145703;111
3145802;247
3145851;89
3145877;122
3145901;259
3146008;534
3146107;1246
3146206;175
3146255;446
3146305;544
3146404;637
3146503;422
3146552;840
3146602;58
3146701;316
3146750;433
3146909;554
3147006;8230
3147105;551
3147204;424
3147303;331
3147402;626
3147501;94
3147600;277
3147709;429
3147808;247
3147907;1338
3147956;444
3148004;3190
3148103;2874
3148202;108
3148301;268
3148400;221
3148509;601
3148608;997
3148707;1595
3148756;174
3148806;173
3148905;348
3149002;70
3149101;218
3149150;1526
3149200;358
3149309;293
3149408;113
3149507;91
3149606;204
3149705;249
3149804;2451
3149903;271
3149952;229
3150000;317
3150109;192
3150158;109
3150208;84
3150307;323
3150406;260
3150505;415
3150539;67
3150570;1229
3150604;280
3150703;338
3150802;659
3150901;204
3151008;125
3151107;191
3151206;550
3151305;144
3151404;570
3151503;902
3151602;318
3151701;474
3151800;547
3151909;691
3152006;2551
3152105;471
3152131;603
3152170;1212
3152204;1750
3152303;285
3152402;625
3152501;543
3152600;263
3152709;264
3152808;4848
3152907;216
3153004;622
3153103;237
3153202;696
3153301;189
3153400;3504
3153509;152
3153608;124
3153707;556
3153806;154
3153905;72
3154002;763
3154101;234
3154150;152
3154200;618
3154309;1082
3154408;183
3154457;1719
3154507;1316
3154606;155
3154705;49
3154804;228
3154903;384
3155009;112
3155108;480
3155207;239
3155306;232
3155405;209
3155504;1352
3155603;3118
3155702;373
3155801;252
3155900;348
3156007;987
3156106;405
3156205;79
3156304;73
3156403;408
3156452;111
3156502;1110
3156601;965
3156700;302
3156809;920
3156908;3073
3157005;1862
3157104;938
3157203;685
3157252;107
3157278;418
3157302;195
3157336;4
3157377;590
3157401;259
3157500;132
3157609;2917
3157658;276
3157708;724
3157807;235
3157906;256
3158003;597
3158102;441
3158201;624
3158300;172
3158409;161
3158508;1256
3158607;183
3158706;203
3158805;106
3158904;347
3158953;276
3159001;677
3159100;197
3159209;503
3159308;421
3159357;68
3159407;324
3159506;485
3159605;353
3159704;284
3159803;3001
3159902;489
3160009;202
3160108;130
3160207;306
3160306;504
3160405;1126
3160454;796
3160504;107
3160603;431
3160702;637
3160801;80
3160900;110
3160959;61
3161007;744
3161056;163
3161106;3308
3161205;317
3161304;1129
3161403;165
3161502;186
3161601;152
3161650;281
3161700;2693
3161809;266
3161908;364
3162005;517
3162104;866
3162203;548
3162252;998
3162302;121
3162401;1851
3162450;678
3162500;1452
3162559;143
3162575;138
3162609;120
3162658;416
3162708;1926
3162807;478
3162906;407
3162922;72
3162948;308
3162955;48
3163003;214
3163102;206
3163201;89
3163300;329
3163409;190
3163508;345
3163607;55
3163706;58
3163805;152
3163904;261
3164001;403
3164100;308
3164209;2434
3164308;2099
3164407;167
3164431;74
3164472;81
3164506;518
3164605;408
3164704;815
3164803;128
3164902;91
3165008;572
3165107;278
3165206;370
3165305;393
3165404;285
3165503;142
3165537;62
3165552;535
3165560;177
3165578;151
3165602;98
3165701;166
3165800;94
3165909;952
3166006;171
3166105;381
3166204;238
3166303;166
3166402;115
3166501;219
3166600;336
3166709;214
3166808;1295
3166907;209
3166956;552
3167004;213
3167103;1218
3167202;537
3167301;157
3167400;312
3167509;136
3167608;487
3167707;207
3167806;197
3167905;211
3168002;1220
3168051;193
3168101;1179
3168200;408
3168309;329
3168408;732
3168507;167
3168606;3242
3168705;144
3168804;83
3168903;2092
3169000;174
3169059;115
3169109;137
3169208;285
3169307;828
3169356;2678
3169406;690
3169505;500
3169604;1824
3169703;1153
3169802;221
3169901;407
3170008;821
3170057;189
3170107;4524
3170206;4115
3170305;406
3170404;8448
3170438;1147
3170479;598
3170503;139
3170529;2077
3170578;117
3170602;410
3170651;492
3170701;395
3170750;652
3170800;2220
3170909;815
3171006;1913
3171030;1571
3171071;632
3171105;1032
3171154;115
3171204;71
3171303;299
3171402;113
3171501;172
3171600;869
3171709;327
3171808;440
3171907;281
3172004;243
3172103;206
3172202;102
3200102;941
3200136;454
3200169;474
3200201;757
3200300;616
3200359;228
3200409;410
3200508;194
3200607;1420
3200706;233
3200805;909
3200904;945
3201001;429
3201100;89
3201159;354
3201209;865
3201308;280
3201407;664
3201506;1398
3201605;1183
3201704;370
3201803;174
3201902;1229
3202009;159
3202108;2285
3202207;287
3202256;360
3202306;468
3202405;590
3202454;240
3202504;201
3202553;331
3202603;204
3202652;185
3202702;535
3202801;551
3202900;295
3203007;461
3203056;660
3203106;177
3203130;285
3203163;458
3203205;3496
3203304;321
3203320;130
3203346;285
3203353;328
3203403;869
3203502;1099
3203601;541
3203700;679
3203809;327
3203908;1440
3204005;838
3204054;433
3204104;973
3204203;74
3204252;360
3204302;595
3204351;642
3204401;204
3204500;718
3204559;735
3204609;683
3204658;299
3204708;435
3204807;273
3204906;2346
3204955;342
3205002;548
3205010;587
3205036;418
3205069;186
3205101;312
3205150;433
3205176;470
3205200;210
3205309;97
3300100;813
3300159;95
3300209;638
3300225;111
3300233;71
3300258;152
3300308;585
3300407;547
3300456;79
3300506;382
3300605;597
3300704;414
3300803;955
3300902;558
3300936;305
3300951;109
3301009;4032
3301108;747
3301157;523
3301207;306
3301306;463
3301405;338
3301504;113
3301603;380
3301702;467
3301801;139
3301850;358
3301876;51
3301900;430
3302007;283
3302056;291
3302106;433
3302205;1107
3302254;241
3302270;82
3302304;254
3302403;1217
3302452;78
3302502;391
3302601;368
3302700;362
3302809;95
3302858;41
3302908;288
3303005;303
3303104;387
3303203;19
3303302;134
3303401;935
3303500;521
3303609;191
3303708;571
3303807;924
3303856;314
3303906;791
3303955;82
3304003;490
3304102;292
3304110;51
3304128;285
3304144;76
3304151;720
3304201;1099
3304300;459
3304409;847
3304508;479
3304524;228
3304557;1200
3304607;811
3304706;604
3304755;1118
3304805;1035
3304904;248
3305000;452
3305109;35
3305133;250
3305158;220
3305208;332
3305307;397
3305406;541
3305505;352
3305554;265
3305604;938
3305703;413
3305752;143
3305802;773
3305901;591
3306008;323
3306107;1301
3306156;202
3306206;536
3306305;182
3500105;412
3500204;211
3500303;475
3500402;143
3500501;60
3500550;404
3500600;4
3500709;967
3500758;160
3500808;119
3500907;313
3501004;929
3501103;319
3501152;84
3501202;362
3501301;348
3501400;154
3501509;85
3501608;134
3501707;123
3501806;253
3501905;445
3502002;326
3502101;964
3502200;1027
3502309;737
3502408;321
3502507;121
3502606;179
3502705;974
3502754;145
3502804;1167
3502903;255
3503000;203
3503109;286
3503158;157
3503208;1004
3503307;645
3503356;265
3503406;506
3503505;305
3503604;86
3503703;133
3503802;178
3503901;96
3503950;69
3504008;461
3504107;479
3504206;434
3504305;541
3504404;338
3504503;1213
3504602;110
3504701;92
3504800;150
3504909;616
3505005;153
3505104;205
3505203;444
3505302;150
3505351;406
3505401;1008
3505500;1566
3505609;146
3505708;66
3505807;171
3505906;850
3506003;668
3506102;683
3506201;302
3506300;244
3506359;492
3506409;158
3506508;530
3506607;317
3506706;691
3506805;364
3506904;654
3507001;249
3507100;108
3507159;134
3507209;119
3507308;122
3507407;552
3507456;348
3507506;1483
3507605;513
3507704;195
3507753;106
3507803;278
3507902;1101
3508009;1196
3508108;327
3508207;266
3508306;240
3508405;260
3508504;369
3508603;288
3508702;468
3508801;920
3508900;253
3509007;98
3509106;551
3509205;131
3509254;454
3509304;177
3509403;660
3509452;184
3509502;795
3509601;79
3509700;290
3509809;484
3509908;1237
3509957;53
3510005;596
3510104;71
3510153;57
3510203;1640
3510302;170
3510401;323
3510500;485
3510609;35
3510708;639
3510807;864
3510906;192
3511003;1065
3511102;291
3511201;148
3511300;198
3511409;512
3511508;128
3511607;190
3511706;176
3511904;169
3512001;422
3512100;729
3512209;183
3512308;466
3512407;138
3512506;247
3512605;304
3512704;279
3512803;155
3512902;442
3513009;324
3513108;311
3513207;385
3513306;149
3513405;306
3513504;143
3513603;1407
3513702;754
3513801;31
3513850;88
3513900;224
3514007;150
3514106;633
3514205;78
3514304;206
3514403;488
3514502;265
3514601;111
3514700;515
3514809;1654
3514908;202
3514924;94
3514957;83
3515004;70
3515103;156
3515129;225
3515152;110
3515186;389
3515194;194
3515202;296
3515301;265
3515350;574
3515400;429
3515509;550
3515608;170
3515657;101
3515707;30
3515806;225
3515905;204
3516002;524
3516101;226
3516200;606
3516309;49
3516408;133
3516507;139
3516606;356
3516705;556
3516804;181
3516853;244
3516903;494
3517000;677
3517109;273
3517208;277
3517307;218
3517406;1258
3517505;325
3517604;408
3517703;362
3517802;569
3517901;642
3518008;86
3518107;462
3518206;956
3518305;271
3518404;753
3518503;568
3518602;270
3518701;145
3518800;319
3518859;414
3518909;252
3519006;364
3519055;66
3519071;62
3519105;547
3519204;322
3519253;401
3519303;291
3519402;272
3519501;228
3519600;689
3519709;1058
3519808;362
3519907;595
3520004;98
3520103;468
3520202;293
3520301;1979
3520400;346
3520426;197
3520442;653
3520509;312
3520608;129
3520707;280
3520806;87
3520905;210
3521002;170
3521101;190
3521150;136
3521200;1152
3521309;466
3521408;115
3521507;258
3521606;214
3521705;1100
3521804;1093
3521903;502
3522000;230
3522109;602
3522158;183
3522208;151
3522307;1789
3522406;1826
3522505;83
3522604;518
3522653;406
3522703;997
3522802;508
3522901;140
3523008;302
3523107;83
3523206;1004
3523305;274
3523404;322
3523503;980
3523602;565
3523701;161
3523800;139
3523909;641
3524006;201
3524105;705
3524204;273
3524303;707
3524402;464
3524501;145
3524600;704
3524709;141
3524808;369
3524907;184
3525003;17
3525102;502
3525201;208
3525300;687
3525409;142
3525508;374
3525607;415
3525706;860
3525805;128
3525854;57
3525904;431
3526001;583
3526100;813
3526209;522
3526308;255
3526407;384
3526506;538
3526605;167
3526704;403
3526803;810
3526902;581
3527009;49
3527108;570
3527207;414
3527256;114
3527306;55
3527405;315
3527504;190
3527603;598
3527702;167
3527801;155
3527900;475
3528007;225
3528106;248
3528205;328
3528304;312
3528403;210
3528502;321
3528601;229
3528700;920
3528809;533
3528858;111
3528908;187
3529005;1171
3529104;78
3529203;1254
3529302;525
3529401;62
3529500;195
3529609;228
3529658;149
3529708;821
3529807;213
3529906;1001
3530003;217
3530102;918
3530201;1239
3530300;243
3530409;166
3530508;855
3530607;713
3530706;813
3530805;498
3530904;134
3531001;104
3531100;143
3531209;110
3531308;347
3531407;496
3531506;263
3531605;234
3531704;333
3531803;241
3531902;1388
3532009;147
3532058;229
3532108;251
3532157;287
3532207;357
3532306;833
3532405;326
3532504;219
3532603;436
3532702;138
3532801;218
3532827;385
3532843;124
3532868;183
3532900;160
3533007;532
3533106;34
3533205;265
3533254;118
3533304;74
3533403;74
3533502;932
3533601;348
3533700;301
3533809;199
3533908;803
3534005;243
3534104;219
3534203;247
3534302;292
3534401;65
3534500;222
3534609;248
3534708;296
3534757;289
3534807;267
3534906;339
3535002;698
3535101;82
3535200;319
3535309;548
3535408;356
3535507;1001
3535606;810
3535705;155
3535804;1019
3535903;140
3536000;367
3536109;210
3536208;359
3536257;85
3536307;603
3536406;374
3536505;139
3536570;256
3536604;738
3536703;727
3536802;159
3536901;260
3537008;713
3537107;109
3537156;152
3537206;670
3537305;711
3537404;974
3537503;223
3537602;326
3537701;232
3537800;747
3537909;681
3538006;730
3538105;185
3538204;155
3538303;483
3538501;176
3538600;386
3538709;1378
3538808;505
3538907;824
3539004;216
3539103;108
3539202;478
3539301;727
3539400;402
3539509;431
3539608;290
3539707;327
3539806;17
3539905;135
3540002;785
3540101;183
3540200;356
3540259;210
3540309;218
3540408;316
3540507;266
3540606;557
3540705;245
3540754;44
3540804;342
3540853;63
3540903;167
3541000;149
3541059;175
3541109;287
3541208;749
3541307;1260
3541406;561
3541505;755
3541604;779
3541653;206
3541703;651
3541802;235
3541901;249
3542008;319
3542107;122
3542206;1587
3542305;309
3542404;263
3542503;410
3542602;722
3542701;246
3542800;336
3542909;472
3543006;698
3543105;148
3543204;203
3543238;196
3543253;333
3543303;99
3543402;651
3543501;386
3543600;163
3543709;317
3543808;358
3543907;498
3544004;227
3544103;36
3544202;632
3544251;744
3544301;131
3544400;236
3544509;243
3544608;305
3544707;148
3544806;309
3544905;306
3545001;425
3545100;173
3545159;100
3545209;133
3545308;281
3545407;188
3545506;456
3545605;330
3545704;273
3545803;271
3546009;272
3546108;183
3546207;150
3546256;148
3546306;295
3546405;1115
3546504;134
3546603;207
3546702;98
3546801;363
3546900;154
3547007;253
3547106;167
3547205;130
3547304;180
3547403;210
3547502;754
3547601;289
3547650;79
3547700;553
3547809;176
3547908;310
3548005;154
3548054;1308
3548104;110
3548203;133
3548302;94
3548401;128
3548500;281
3548609;253
3548708;410
3548807;15
3548906;1137
3549003;76
3549102;516
3549201;129
3549250;178
3549300;118
3549409;411
3549508;277
3549607;571
3549706;420
3549805;432
3549904;1099
3549953;186
3550001;617
3550100;651
3550209;930
3550308;1521
3550407;611
3550506;731
3550605;307
3550704;402
3550803;252
3550902;617
3551009;148
3551108;353
3551207;142
3551306;168
3551405;283
3551504;126
3551603;204
3551702;403
3551801;1063
3551900;140
3552007;415
3552106;449
3552205;450
3552304;595
3552403;153
3552502;206
3552551;331
3552601;346
3552700;369
3552809;20
3552908;607
3553005;145
3553104;107
3553203;132
3553302;562
3553401;747
3553500;755
3553609;222
3553658;54
3553708;594
3553807;449
3553856;232
3553906;201
3553955;303
3554003;524
3554102;625
3554201;296
3554300;1556
3554409;222
3554508;404
3554607;197
3554656;71
3554706;315
3554755;63
3554805;191
3554904;152
3554953;127
3555000;628
3555109;245
3555208;153
3555307;148
3555356;210
3555406;708
3555505;282
3555604;252
3555703;79
3555802;209
3555901;147
3556008;324
3556107;150
3556206;149
3556305;858
3556354;143
3556404;267
3556453;42
3556503;35
3556602;248
3556701;82
3556800;218
3556909;95
3556958;50
3557006;184
3557105;421
3557154;319
3557204;189
3557303;74
4100103;229
4100202;1349
4100301;192
4100400;195
4100459;387
4100509;662
4100608;408
4100707;448
4100806;424
4100905;385
4101002;298
4101051;103
4101101;236
4101150;106
4101200;882
4101309;470
4101408;558
4101507;382
4101606;1360
4101655;217
4101705;493
4101804;469
4101853;240
4101903;440
4102000;970
4102109;435
4102208;138
4102307;349
4102406;445
4102505;539
4102604;171
4102703;116
4102752;148
4102802;243
4102901;1228
4103008;303
4103024;152
4103040;620
4103057;256
4103107;826
4103156;174
4103206;323
4103222;196
4103305;334
4103354;343
4103370;291
4103404;186
4103453;272
4103479;335
4103503;142
4103602;366
4103701;495
4103800;163
4103909;797
4103958;448
4104006;539
4104055;434
4104105;304
4104204;1244
4104253;275
4104303;750
4104402;1510
4104428;1513
4104451;584
4104501;419
4104600;276
4104659;650
4104709;451
4104808;2101
4104907;2532
4105003;582
4105102;372
4105201;1341
4105300;1179
4105409;960
4105508;812
4105607;403
4105706;704
4105805;198
4105904;403
4106001;536
4106100;205
4106209;299
4106308;529
4106407;635
4106456;1563
4106506;684
4106555;164
4106571;162
4106605;776
4106704;259
4106803;1478
4106852;312
4106902;435
4107009;576
4107108;243
4107124;347
4107157;309
4107207;419
4107256;420
4107306;118
4107405;192
4107504;467
4107520;139
4107538;121
4107546;326
4107553;289
4107603;716
4107652;117
4107702;234
4107736;407
4107751;130
4107801;191
4107850;239
4107900;158
4108007;246
4108106;83
4108205;276
4108304;618
4108320;322
4108403;735
4108452;235
4108502;1071
4108551;131
4108601;564
4108650;702
4108700;314
4108809;564
4108908;494
4108957;245
4109005;189
4109104;201
4109203;212
4109302;1238
4109401;3168
4109500;2017
4109609;1327
4109658;502
4109708;898
4109757;145
4109807;298
4109906;675
4110003;165
4110052;107
4110078;331
4110102;757
4110201;936
4110300;195
4110409;123
4110508;927
4110607;648
4110656;82
4110706;1000
4110805;570
4110904;190
4110953;331
4111001;207
4111100;244
4111209;254
4111258;321
4111308;129
4111407;608
4111506;432
4111555;411
4111605;97
4111704;139
4111803;603
4111902;475
4112009;1453
4112108;188
4112207;336
4112306;188
4112405;165
4112504;413
4112603;129
4112702;159
4112751;247
4112801;289
4112900;321
4112959;354
4113007;211
4113106;193
4113205;2094
4113254;559
4113304;674
4113403;345
4113429;151
4113452;361
4113502;722
4113601;241
4113700;1653
4113734;917
4113759;199
4113809;121
4113908;754
4114005;788
4114104;294
4114203;336
4114302;379
4114351;216
4114401;1055
4114500;571
4114609;745
4114708;486
4114807;476
4114906;384
4115002;232
4115101;433
4115200;487
4115309;230
4115358;284
4115408;388
4115457;510
4115507;208
4115606;640
4115705;118
4115739;395
4115754;108
4115804;329
4115853;199
4115903;222
4116000;90
4116059;324
4116109;354
4116208;685
4116307;137
4116406;186
4116505;131
4116604;129
4116703;474
4116802;555
4116901;402
4116950;208
4117008;283
4117057;1210
4117107;269
4117206;136
4117214;72
4117222;205
4117255;353
4117271;546
4117297;161
4117305;2430
4117404;176
4117453;293
4117503;171
4117602;1558
4117701;1470
4117800;818
4117909;651
4118006;205
4118105;349
4118204;826
4118303;176
4118402;1202
4118451;136
4118501;539
4118600;421
4118709;370
4118808;469
4118857;409
4118907;241
4119004;205
4119103;255
4119152;61
4119202;221
4119251;97
4119301;2002
4119400;1403
4119509;227
4119608;1664
4119657;123
4119707;356
4119806;346
4119905;2055
4119954;200
4120002;292
4120101;187
4120150;361
4120200;218
4120309;213
4120333;153
4120358;226
4120408;156
4120507;414
4120606;2247
4120655;322
4120705;113
4120804;180
4120853;114
4120903;822
4121000;915
4121109;326
4121208;447
4121257;237
4121307;168
4121356;241
4121406;353
4121505;482
4121604;425
4121703;1636
4121752;834
4121802;629
4121901;375
4122008;599
4122107;178
4122156;681
4122172;382
4122206;812
4122305;604
4122404;459
4122503;742
4122602;555
4122651;371
4122701;190
4122800;189
4122909;201
4123006;313
4123105;78
4123204;110
4123303;442
4123402;276
4123501;755
4123600;138
4123709;349
4123808;321
4123824;117
4123857;837
4123907;427
4123956;260
4124004;251
4124020;326
4124053;259
4124103;721
4124202;219
4124301;166
4124400;326
4124509;307
4124608;225
4124707;824
4124806;388
4124905;304
4125001;353
4125100;720
4125209;380
4125308;315
4125357;405
4125407;400
4125456;182
4125506;946
4125555;95
4125605;1342
4125704;852
4125753;308
4125803;323
4125902;251
4126009;228
4126108;219
4126207;678
4126256;104
4126272;152
4126306;1441
4126355;482
4126405;444
4126504;506
4126603;278
4126652;171
4126678;472
4126702;193
4126801;591
4126900;434
4127007;903
4127106;1383
4127205;321
4127304;701
4127403;801
4127502;2952
4127601;672
4127700;1197
4127809;591
4127858;504
4127882;668
4127908;699
4127957;311
4127965;939
4128005;653
4128104;1235
4128203;720
4128302;95
4128401;238
4128500;398
4128534;759
4128559;327
4128609;312
4128625;968
4128633;777
4128658;243
4128708;308
4128807;360
4200051;238
4200101;954
4200200;207
4200309;130
4200408;1319
4200507;140
4200556;77
4200606;327
4200705;733
4200754;103
4200804;232
4200903;500
4201000;590
4201109;541
4201208;234
4201257;493
4201273;133
4201307;387
4201406;302
4201505;174
4201604;94
4201653;91
4201703;113
4201802;94
4201901;207
4201950;94
4202008;45
4202057;109
4202073;147
4202081;148
4202099;93
4202107;139
4202131;536
4202156;94
4202206;388
4202305;366
4202404;519
4202438;511
4202453;35
4202503;939
4202537;64
4202578;68
4202602;1057
4202701;296
4202800;212
4202859;89
4202875;336
4202909;285
4203006;983
4203105;173
4203154;636
4203204;211
4203253;1332
4203303;499
4203402;1026
4203501;479
4203600;1718
4203709;151
4203808;1148
4203907;244
4203956;53
4204004;199
4204103;141
4204152;208
4204178;419
4204194;125
4204202;625
4204251;71
4204301;799
4204350;84
4204400;234
4204459;108
4204509;406
4204558;647
4204608;235
4204707;220
4204756;55
4204806;950
4204905;287
4205001;379
4205100;178
4205159;374
4205175;104
4205191;65
4205209;209
4205308;340
4205357;58
4205407;675
4205431;100
4205456;183
4205506;549
4205555;159
4205605;140
4205704;115
4205803;504
4205902;387
4206009;128
4206108;334
4206207;166
4206306;172
4206405;332
4206504;268
4206603;101
4206652;206
4206702;217
4206751;146
4206801;156
4206900;247
4207007;230
4207106;253
4207205;542
4207304;182
4207403;119
4207502;431
4207577;114
4207601;156
4207650;201
4207684;261
4207700;246
4207759;165
4207809;326
4207858;78
4207908;590
4208005;166
4208104;1298
4208203;289
4208302;58
4208401;282
4208450;245
4208500;337
4208609;182
4208708;431
4208807;326
4208906;531
4208955;68
4209003;242
4209102;1128
4209151;406
4209177;91
4209201;69
4209300;2638
4209409;333
4209458;65
4209508;79
4209607;272
4209706;942
4209805;294
4209854;190
4209904;198
4210001;260
4210035;117
4210050;261
4210100;1404
4210209;306
4210308;521
4210407;63
4210506;170
4210555;104
4210605;374
4210704;435
4210803;186
4210852;338
4210902;92
4211009;200
4211058;191
4211108;561
4211207;83
4211256;260
4211306;111
4211405;65
4211454;137
4211504;403
4211603;295
4211652;152
4211702;550
4211751;847
4211801;214
4211850;189
4211876;86
4211892;738
4211900;395
4212007;331
4212056;289
4212106;351
4212205;765
4212239;180
4212254;93
4212270;617
4212304;446
4212403;160
4212502;58
4212601;96
4212650;107
4212700;307
4212809;99
4212908;129
4213005;61
4213104;146
4213153;63
4213203;214
4213302;575
4213351;397
4213401;561
4213500;94
4213609;849
4213708;357
4213807;284
4213906;65
4214003;297
4214102;225
4214151;86
4214201;279
4214300;286
4214409;315
4214508;502
4214607;245
4214706;555
4214805;261
4214904;302
4215000;907
4215059;283
4215075;191
4215109;129
4215208;223
4215307;178
4215356;157
4215406;105
4215455;83
4215505;1146
4215554;81
4215604;203
4215653;150
4215679;716
4215687;120
4215695;73
4215703;344
4215752;150
4215802;496
4215901;461
4216008;162
4216057;346
4216107;368
4216206;493
4216255;164
4216305;201
4216354;152
4216404;184
4216503;1889
4216602;150
4216701;281
4216800;949
4216909;356
4217006;107
4217105;225
4217154;73
4217204;234
4217253;139
4217303;206
4217402;165
4217501;310
4217550;91
4217600;262
4217709;143
4217758;113
4217808;694
4217907;390
4217956;57
4218004;279
4218103;329
4218202;128
4218251;596
4218301;436
4218350;157
4218400;160
4218509;186
4218608;110
4218707;301
4218756;133
4218806;235
4218855;93
4218905;1021
4218954;350
4219002;255
4219101;167
4219150;351
4219176;300
4219200;347
4219309;384
4219358;370
4219408;154
4219507;377
4219606;218
4219705;294
4219853;190
4220000;63
4300001;2872
4300002;10197
4300034;1551
4300059;292
4300109;535
4300208;323
4300307;316
4300406;7800
4300455;173
4300471;265
4300505;326
4300554;115
4300570;79
4300604;72
4300638;506
4300646;94
4300661;331
4300703;242
4300802;348
4300851;518
4300877;35
4300901;342
4301008;158
4301057;119
4301073;125
4301107;426
4301206;315
4301305;2509
4301404;270
4301503;348
4301552;157
4301602;4090
4301636;102
4301651;124
4301701;261
4301750;436
4301800;515
4301859;63
4301875;1056
4301909;729
4301925;147
4301958;60
4302006;648
4302055;132
4302105;274
4302154;196
4302204;110
4302220;701
4302238;504
4302253;93
4302303;2623
4302352;89
4302378;89
4302402;102
4302451;266
4302501;1610
4302584;201
4302600;132
4302659;105
4302709;752
4302808;3047
4302907;2373
4303004;3736
4303103;44
4303202;204
4303301;261
4303400;189
4303509;1680
4303558;138
4303608;1208
4303673;538
4303707;225
4303806;276
4303905;61
4304002;221
4304101;226
4304200;944
4304309;247
4304358;934
4304408;254
4304507;3526
4304606;131
4304614;82
4304622;527
4304630;98
4304655;1008
4304663;784
4304671;413
4304689;183
4304697;74
4304705;665
4304713;294
4304804;231
4304853;83
4304903;272
4304952;236
4305009;583
4305108;1652
4305116;134
4305124;452
4305132;158
4305157;73
4305173;325
4305207;177
4305306;684
4305355;217
4305371;199
4305405;397
4305439;202
4305447;220
4305454;243
4305504;274
4305587;58
4305603;286
4305702;465
4305801;204
4305835;112
4305850;278
4305871;164
4305900;492
4305934;105
4305959;173
4305975;421
4306007;364
4306056;682
4306072;97
4306106;1359
4306130;167
4306205;155
4306304;175
4306320;361
4306353;217
4306379;601
4306403;65
4306429;226
4306452;134
4306502;1355
4306551;78
4306601;5194
4306700;114
4306734;256
4306759;108
4306767;510
4306809;140
4306908;3348
4306924;71
4306932;553
4306957;120
4306973;153
4307005;429
4307054;239
4307104;1760
4307203;286
4307302;357
4307401;830
4307450;149
4307500;784
4307559;100
4307609;52
4307708;28
4307807;184
4307815;282
4307831;418
4307864;134
4307906;361
4308003;170
4308052;143
4308078;85
4308102;95
4308201;274
4308250;169
4308300;583
4308409;579
4308433;93
4308458;651
4308508;265
4308607;168
4308656;804
4308706;204
4308805;510
4308854;185
4308904;287
4309001;857
4309050;324
4309100;239
4309126;131
4309159;218
4309209;463
4309258;147
4309308;376
4309407;298
4309506;291
4309555;49
4309571;118
4309605;230
4309654;823
4309704;134
4309753;195
4309803;349
4309902;292
4309951;307
4310009;607
4310108;137
4310207;689
4310306;118
4310330;40
4310363;74
4310405;358
4310413;114
4310439;599
4310462;158
4310504;182
4310538;173
4310553;1121
4310579;185
4310603;3407
4310652;207
4310702;213
4310751;123
4310801;63
4310850;128
4310876;339
4310900;179
4311007;2052
4311106;673
4311122;909
4311130;856
4311155;1239
4311205;1930
4311239;109
4311254;387
4311270;139
4311304;1260
4311403;91
4311429;68
4311502;2601
4311601;246
4311627;33
4311643;64
4311700;335
4311718;1683
4311734;157
4311759;1391
4311775;622
4311791;82
4311809;650
4311908;230
4311981;338
4312005;99
4312054;125
4312104;312
4312138;238
4312153;47
4312179;115
4312203;208
4312252;424
4312302;132
4312351;82
4312377;550
4312385;70
4312401;425
4312427;146
4312443;166
4312450;245
4312476;88
4312500;1977
4312609;111
4312617;1194
4312625;111
4312658;362
4312674;155
4312708;469
4312757;149
4312807;76
4312906;212
4312955;94
4313003;103
4313011;98
4313037;191
4313060;62
4313086;103
4313102;315
4313201;291
4313300;260
4313334;255
4313359;149
4313375;218
4313391;193
4313409;224
4313425;219
4313441;75
4313466;80
4313490;123
4313508;664
4313607;182
4313656;949
4313706;1421
4313805;144
4313904;491
4313953;841
4314001;122
4314027;338
4314035;57
4314050;109
4314068;305
4314076;265
4314100;784
4314134;150
4314159;172
4314175;1374
4314209;604
4314308;415
4314407;1610
4314423;85
4314456;68
4314464;438
4314472;478
4314498;105
4314506;2248
4314548;105
4314555;294
4314605;3538
4314704;229
4314753;68
4314779;504
4314787;100
4314803;160
4314902;495
4315008;251
4315057;106
4315073;114
4315107;281
4315131;105
4315149;50
4315156;256
4315172;172
4315206;205
4315305;3140
4315313;269
4315321;543
4315354;223
4315404;304
4315453;123
4315503;969
4315552;236
4315602;2709
4315701;2051
4315750;240
4315800;209
4315909;83
4315958;295
4316006;296
4316105;419
4316204;252
4316303;349
4316402;4344
4316428;78
4316436;222
4316451;508
4316477;94
4316501;99
4316600;504
4316709;976
4316733;200
4316758;87
4316808;734
4316907;1781
4316956;140
4316972;955
4317004;1421
4317103;6946
4317202;489
4317251;74
4317301;5196
4317400;2414
4317509;679
4317558;126
4317608;1050
4317707;1711
4317756;203
4317806;468
4317905;367
4317954;126
4318002;3617
4318051;79
4318101;2508
4318200;3265
4318309;5052
4318408;936
4318424;171
4318432;78
4318440;126
4318457;98
4318465;103
4318481;64
4318499;78
4318507;1072
4318606;335
4318614;55
4318622;1174
4318705;103
4318804;2036
4318903;1296
4319000;256
4319109;171
4319125;670
4319158;1228
4319208;486
4319307;224
4319356;35
4319364;80
4319372;108
4319406;874
4319505;113
4319604;2205
4319703;154
4319711;92
4319737;107
4319752;32
4319802;1173
4319901;138
4320008;58
4320107;353
4320206;301
4320230;119
4320263;246
4320305;176
4320321;147
4320354;282
4320404;163
4320453;100
4320503;440
4320552;252
4320578;129
4320602;168
4320651;119
4320677;510
4320701;128
4320800;1215
4320859;95
4320909;238
4321006;180
4321105;805
4321204;458
4321303;350
4321329;77
4321352;610
4321402;337
4321436;142
4321451;179
4321469;114
4321477;236
4321493;203
4321501;162
4321600;143
4321626;81
4321634;149
4321667;251
4321709;185
4321808;421
4321832;217
4321857;181
4321907;269
4321956;268
4322004;818
4322103;181
4322152;217
4322186;135
4322202;2253
4322251;59
4322301;308
4322327;254
4322343;126
4322350;131
4322376;602
4322400;5702
4322509;2124
4322525;330
4322533;328
4322541;45
4322558;65
4322608;772
4322707;310
4322806;289
4322855;114
4322905;268
4323002;1497
4323101;193
4323200;238
4323309;108
4323358;152
4323408;181
4323457;508
4323507;78
4323606;119
4323705;90
4323754;258
4323770;64
4323804;61
5000203;7782
5000252;4398
5000609;4194
5000708;2911
5000807;3416
5000856;1284
5000906;1096
5001003;2751
5001102;17087
5001243;1654
5001508;3100
5001904;2392
5002001;1827
5002100;4946
5002159;2592
5002209;5373
5002308;5804
5002407;2116
5002605;6238
5002704;8083
5002803;2943
5002902;3659
5002951;3252
5003108;2640
5003157;1024
5003207;64438
5003256;4159
5003306;6392
5003454;829
5003488;2432
5003504;280
5003702;4062
5003751;1013
5003801;315
5003900;4880
5004007;493
5004106;1225
5004304;2957
5004403;5761
5004502;1343
5004601;2064
5004700;2003
5004809;417
5004908;2913
5005004;2126
5005103;1933
5005152;1569
5005202;354
5005251;1726
5005400;5398
5005608;5471
5005681;478
5005707;3190
5005806;3909
5006002;4025
5006200;4771
5006259;849
5006275;5061
5006309;5404
5006358;1307
5006408;3554
5006606;5359
5006903;17505
5007109;17315
5007208;3984
5007307;1829
5007406;8173
5007505;1568
5007554;6142
5007695;3850
5007703;839
5007802;3255
5007901;5267
5007935;4186
5007950;1784
5007976;1052
5008008;2846
5008305;10217
5008404;312
5100102;1014
5100201;7511
5100250;8953
5100300;5399
5100359;2240
5100409;3866
5100508;1845
5100607;1440
5100805;20493
5101001;6423
5101209;688
5101258;1610
5101308;416
5101407;25108
5101605;11428
5101704;5982
5101803;9079
5101852;4274
5101902;15959
5102504;24593
5102603;5982
5102637;9435
5102678;5395
5102686;6787
5102694;3453
5102702;10882
5102793;2416
5102850;3910
5103007;6451
5103056;3850
5103106;16516
5103205;3104
5103254;27946
5103304;21518
5103353;5802
5103361;2684
5103379;9421
5103403;3267
5103437;359
5103452;1279
5103502;8192
5103601;2224
5103700;11679
5103809;888
5103858;16934
5103908;3710
5103957;834
5104104;4735
5104203;5044
5104500;593
5104526;3467
5104542;2898
5104559;4530
5104609;8660
5104807;2397
5104906;1297
5105002;1358
5105101;22622
5105150;26190
5105176;2779
5105200;2720
5105234;1765
5105259;3675
5105309;4243
5105507;13420
5105580;12274
5105606;5219
5105622;1080
5105903;3912
5106000;1354
5106109;5440
5106158;9593
5106174;4038
5106182;4793
5106190;2376
5106208;3279
5106216;5955
5106224;9532
5106232;1368
5106240;12500
5106257;5530
5106265;5791
5106273;898
5106281;5231
5106299;4796
5106307;24162
5106315;4394
5106372;4049
5106422;14401
5106455;2442
5106505;17025
5106653;2737
5106703;687
5106752;8567
5106778;3972
5106802;6862
5106828;5811
5106851;2057
5107008;6874
5107040;5482
5107065;17786
5107107;1288
5107156;1342
5107180;11355
5107198;626
5107206;562
5107248;3855
5107263;1174
5107297;448
5107305;4533
5107354;7460
5107404;344
5107578;12671
5107602;4687
5107701;7170
5107743;5652
5107750;1755
5107768;4735
5107776;6467
5107792;3405
5107800;9442
5107859;16713
5107875;13624
5107883;1500
5107909;3942
5107925;9348
5107941;8448
5107958;11601
5108006;4489
5108055;2432
5108105;4286
5108204;2398
5108303;4582
5108352;1888
5108402;943
5108501;2954
5108600;7431
5108808;1114
5108857;1936
5108907;11556
5108956;5151
5200050;147
5200100;1045
5200134;1566
5200159;115
5200175;2029
5200209;453
5200258;192
5200308;848
5200506;102
5200555;504
5200605;2594
5200803;1259
5200829;1343
5200852;134
5200902;409
5201108;934
5201207;56
5201306;975
5201405;279
5201454;602
5201504;2900
5201603;149
5201702;665
5201801;219
5202155;2194
5202353;1075
5202502;3055
5202601;565
5202809;169
5203104;1785
5203203;1093
5203302;1276
5203401;1900
5203500;1405
5203559;123
5203575;1628
5203609;123
5203807;1463
5203906;895
5203939;200
5203962;247
5204003;1127
5204102;1655
5204201;423
5204250;528
5204300;2251
5204409;8635
5204508;1608
5204557;250
5204607;274
5204656;1974
5204706;1067
5204805;2463
5204854;160
5204904;732
5204953;442
5205000;419
5205059;298
5205109;3818
5205208;205
5205307;6954
5205406;214
5205455;416
5205471;2185
5205497;391
5205513;1789
5205521;1708
5205703;456
5205802;1062
5205901;1882
5206206;6164
5206305;225
5206404;4661
5206503;364
5206602;572
5206701;416
5206800;84
5206909;481
5207105;687
5207253;3222
5207352;604
5207402;1462
5207501;302
5207535;1946
5207600;1274
5207808;424
5207907;3709
5208004;5814
5208103;844
5208152;589
5208301;831
5208400;169
5208509;569
5208608;1547
5208707;729
5208806;213
5208905;3108
5209101;2470
5209150;825
5209200;517
5209291;205
5209408;1227
5209457;596
5209606;230
5209705;954
5209804;580
5209903;1550
5209937;692
5209952;956
5210000;615
5210109;4369
5210158;241
5210208;1026
5210307;577
5210406;1457
5210562;147
5210604;240
5210802;2091
5210901;956
5211008;2044
5211206;1276
5211305;3434
5211404;384
5211503;2454
5211602;1258
5211701;864
5211800;1850
5211909;7174
5212006;527
5212055;122
5212105;445
5212204;4085
5212253;459
5212303;473
5212501;3961
5212600;467
5212709;854
5212808;1688
5212907;222
5212956;1151
5213004;388
5213053;1387
5213087;2861
5213103;9039
5213400;454
5213509;3120
5213707;2904
5213756;1870
5213772;1333
5213806;2846
5213855;283
5213905;684
5214002;1734
5214051;2147
5214101;956
5214408;282
5214507;204
5214606;9843
5214705;212
5214804;304
5214838;7302
5214861;413
5214879;628
5214903;2136
5215009;123
5215207;653
5215231;195
5215256;1243
5215306;1973
5215405;209
5215504;414
5215603;3142
5215652;1321
5215702;1540
5215801;59
5215900;388
5216007;434
5216304;1154
5216403;3779
5216452;1030
5216809;531
5216908;907
5217104;2381
5217203;2048
5217302;2205
5217401;1073
5217609;2551
5217708;1437
5218003;4821
5218052;604
5218102;557
5218300;2071
5218391;349
5218508;3789
5218607;268
5218706;159
5218789;243
5218805;8387
5218904;748
5219001;509
5219100;138
5219209;1109
5219258;1169
5219308;1141
5219357;807
5219407;1356
5219456;956
5219506;164
5219605;795
5219704;1202
5219712;452
5219738;133
5219753;946
5219803;3334
5219902;416
5220009;3327
5220058;288
5220108;829
5220157;586
5220207;6149
5220264;538
5220280;172
5220405;414
5220454;248
5220504;5527
5220603;2349
5220686;348
5220702;1611
5221007;204
5221080;775
5221197;107
5221304;282
5221403;710
5221452;799
5221502;479
5221551;935
5221577;1153
5221601;2142
5221700;523
5221809;627
5221858;61
5221908;519
5222005;954
5222054;737
5222203;1060
5222302;2182
5300108;5761